path,class,mock_density,filename_infix,runtime_imports,mockoon_imports,real_api_signals,playwright,suggested_name,reason
cloud/apps/api/test/e2e/agent-token-flow.test.ts,KEEP,0,,false,false,true,false,,in_test_directory
cloud/apps/api/test/e2e/group-a-auth.test.ts,KEEP,0,,false,false,true,false,,in_test_directory
cloud/apps/api/test/e2e/group-b-account-billing.test.ts,KEEP,0,,false,false,true,false,,in_test_directory
cloud/apps/api/test/e2e/group-c-agents.test.ts,KEEP,0,,false,false,true,false,,in_test_directory
cloud/apps/api/test/e2e/group-d-ai-media.test.ts,KEEP,0,,false,false,true,false,,in_test_directory
cloud/apps/api/test/e2e/group-e-agent-admin.test.ts,KEEP,0,,false,false,true,false,,in_test_directory
cloud/apps/api/test/e2e/group-f-connectors.test.ts,KEEP,0,,false,false,false,false,,in_test_directory
cloud/apps/api/test/e2e/group-g-mcps.test.ts,KEEP,0,,false,false,true,false,,in_test_directory
cloud/apps/api/test/e2e/group-h-misc.test.ts,KEEP,0,,false,false,true,false,,in_test_directory
cloud/apps/api/test/e2e/group-j-knowledge.test.ts,KEEP,0,,false,false,true,false,,in_test_directory
cloud/apps/api/test/e2e/group-k-affiliate.test.ts,KEEP,0,,false,false,false,false,,in_test_directory
cloud/packages/lib/client/api-keys.test.ts,CONVERT,0,,false,false,false,false,,pure_unit_no_signals
cloud/packages/lib/services/gateway-discord/__tests__/constants.test.ts,CONVERT,0,,false,false,false,false,,pure_unit_no_signals
cloud/packages/lib/services/gateway-discord/__tests__/event-router.test.ts,CONVERT,0,,false,false,false,false,,pure_unit_no_signals
cloud/packages/lib/services/gateway-discord/__tests__/schemas.test.ts,CONVERT,0,,false,false,false,false,,pure_unit_no_signals
cloud/packages/sdk/src/live.e2e.test.ts,KEEP,0,e2e,false,false,true,false,,infix:e2e
cloud/packages/tests/e2e/api/health-route.test.ts,KEEP,0,,false,false,false,false,,in_test_directory
cloud/packages/tests/e2e/auth/anonymous-session.test.ts,KEEP,0,,false,false,false,false,,in_test_directory
cloud/packages/tests/e2e/auth/cli-auth.test.ts,KEEP,0,,false,false,false,false,,in_test_directory
cloud/packages/tests/e2e/auth/siwe.test.ts,KEEP,0,,false,false,false,false,,in_test_directory
cloud/packages/tests/e2e/cron/cron-routes.test.ts,KEEP,0,,false,false,false,false,,in_test_directory
cloud/packages/tests/e2e/v1/admin-service-pricing.test.ts,KEEP,0,,false,false,false,false,,in_test_directory
cloud/packages/tests/e2e/v1/affiliate-miniapp.test.ts,KEEP,0,,false,false,false,false,,in_test_directory
cloud/packages/tests/e2e/v1/affiliates.test.ts,KEEP,0,,false,false,false,false,,in_test_directory
cloud/packages/tests/e2e/v1/agent-publishing.test.ts,KEEP,0,,false,false,false,false,,in_test_directory
cloud/packages/tests/e2e/v1/agents.test.ts,KEEP,0,,false,false,false,false,,in_test_directory
cloud/packages/tests/e2e/v1/api-keys.test.ts,KEEP,0,,false,false,false,false,,in_test_directory
cloud/packages/tests/e2e/v1/app-monetization.test.ts,KEEP,0,,false,false,false,false,,in_test_directory
cloud/packages/tests/e2e/v1/billing.test.ts,KEEP,0,,false,false,false,false,,in_test_directory
cloud/packages/tests/e2e/v1/characters.test.ts,KEEP,0,,false,false,false,false,,in_test_directory
cloud/packages/tests/e2e/v1/chat.test.ts,KEEP,0,,false,false,false,false,,in_test_directory
cloud/packages/tests/e2e/v1/compat.test.ts,KEEP,0,,false,false,false,false,,in_test_directory
cloud/packages/tests/e2e/v1/connections.test.ts,KEEP,0,,false,false,false,false,,in_test_directory
cloud/packages/tests/e2e/v1/credits-billing.test.ts,KEEP,0,,false,false,false,false,,in_test_directory
cloud/packages/tests/e2e/v1/credits.test.ts,KEEP,0,,false,false,false,false,,in_test_directory
cloud/packages/tests/e2e/v1/eliza-rooms.test.ts,KEEP,0,,false,false,false,false,,in_test_directory
cloud/packages/tests/e2e/v1/media.test.ts,KEEP,0,,false,false,false,false,,in_test_directory
cloud/packages/tests/e2e/v1/miniapp-lifecycle.test.ts,KEEP,0,,false,false,false,false,,in_test_directory
cloud/packages/tests/e2e/v1/misc.test.ts,KEEP,0,,false,false,false,false,,in_test_directory
cloud/packages/tests/e2e/v1/models.test.ts,KEEP,0,,false,false,false,false,,in_test_directory
cloud/packages/tests/e2e/v1/redemptions.test.ts,KEEP,0,,false,false,false,false,,in_test_directory
cloud/packages/tests/e2e/v1/security.test.ts,KEEP,0,,false,false,false,false,,in_test_directory
cloud/packages/tests/e2e/v1/social.test.ts,KEEP,0,,false,false,false,false,,in_test_directory
cloud/packages/tests/e2e/v1/user.test.ts,KEEP,0,,false,false,false,false,,in_test_directory
cloud/packages/tests/e2e/v1/webhook-crud.test.ts,KEEP,0,,false,false,false,false,,in_test_directory
cloud/packages/tests/integration/affiliates-service.test.ts,KEEP,0,,false,false,false,false,,in_test_directory
cloud/packages/tests/integration/app-promote-assets.test.ts,KEEP,0,,false,false,false,false,,in_test_directory
cloud/packages/tests/integration/connected-services.integration.test.ts,KEEP,0,integration,false,false,false,false,,infix:integration
cloud/packages/tests/integration/connection-apis.test.ts,KEEP,0,,false,false,false,false,,in_test_directory
cloud/packages/tests/integration/cron-auth.test.ts,KEEP,0,,false,false,false,false,,in_test_directory
cloud/packages/tests/integration/discord-connections.test.ts,KEEP,0,,false,false,true,false,,in_test_directory
cloud/packages/tests/integration/entity-settings-isolation.test.ts,KEEP,0,,false,false,false,false,,in_test_directory
cloud/packages/tests/integration/financial/concurrent-operations.test.ts,KEEP,0,,false,false,false,false,,in_test_directory
cloud/packages/tests/integration/financial/credits-budget-flow.test.ts,KEEP,0,,false,false,false,false,,in_test_directory
cloud/packages/tests/integration/generic-oauth.test.ts,KEEP,0,,false,false,false,false,,in_test_directory
cloud/packages/tests/integration/mcp-registry.test.ts,KEEP,0,,false,false,false,false,,in_test_directory
cloud/packages/tests/integration/message-router.test.ts,KEEP,0,,false,false,false,false,,in_test_directory
cloud/packages/tests/integration/model-catalog-live-server.live.e2e.test.ts,KEEP,0,live.e2e,false,false,true,false,model-catalog-live-server.e2e.test.ts,infix:live.e2e
cloud/packages/tests/integration/oauth-api.test.ts,KEEP,0,,false,false,false,false,,in_test_directory
cloud/packages/tests/integration/phone-mapping.integration.test.ts,KEEP,0,integration,false,false,false,false,,infix:integration
cloud/packages/tests/integration/promotion-preview.test.ts,KEEP,0,,false,false,true,false,,in_test_directory
cloud/packages/tests/integration/promotion-pricing.test.ts,KEEP,0,,false,false,false,false,,in_test_directory
cloud/packages/tests/integration/revenue-splits.test.ts,KEEP,0,,false,false,false,false,,in_test_directory
cloud/packages/tests/integration/services/agent-budgets.service.test.ts,KEEP,0,,false,false,false,false,,in_test_directory
cloud/packages/tests/integration/services/ai-billing-affiliates.test.ts,KEEP,0,,false,false,false,false,,in_test_directory
cloud/packages/tests/integration/services/api-keys.service.test.ts,KEEP,0,,false,false,false,false,,in_test_directory
cloud/packages/tests/integration/services/caching-speedup.test.ts,KEEP,0,,false,false,false,false,,in_test_directory
cloud/packages/tests/integration/services/credits.service.test.ts,KEEP,0,,false,false,false,false,,in_test_directory
cloud/packages/tests/integration/services/managed-domains.service.test.ts,KEEP,0,,false,false,false,false,,in_test_directory
cloud/packages/tests/integration/services/organizations.service.test.ts,KEEP,0,,false,false,false,false,,in_test_directory
cloud/packages/tests/integration/services/redeemable-earnings.service.test.ts,KEEP,0,,false,false,false,false,,in_test_directory
cloud/packages/tests/integration/services/users-join-regression.test.ts,KEEP,0,,false,false,false,false,,in_test_directory
cloud/packages/tests/integration/services/users.service.test.ts,KEEP,0,,false,false,false,false,,in_test_directory
cloud/packages/tests/integration/telegram-automation.test.ts,KEEP,0,,false,false,true,false,,in_test_directory
cloud/packages/tests/integration/twitter-automation.test.ts,KEEP,0,,false,false,true,false,,in_test_directory
cloud/packages/tests/integration/webhook-crud.integration.test.ts,KEEP,0,integration,false,false,false,false,,infix:integration
cloud/packages/tests/integration/webhooks.integration.test.ts,KEEP,0,integration,false,false,false,false,,infix:integration
cloud/packages/tests/integration/whatsapp-webhook-e2e.test.ts,KEEP,0,,false,false,false,false,,in_test_directory
cloud/packages/tests/playwright/auth-real.spec.ts,KEEP,0,,false,false,false,true,,playwright
cloud/packages/tests/playwright/auth-routing.spec.ts,KEEP,0,,false,false,false,true,,playwright
cloud/packages/tests/playwright/flows/agent-lifecycle.spec.ts,KEEP,0,,false,false,false,true,,playwright
cloud/packages/tests/playwright/flows/anonymous-chat.spec.ts,KEEP,0,,false,false,false,true,,playwright
cloud/packages/tests/playwright/flows/billing-and-tools.spec.ts,KEEP,0,,false,false,false,true,,playwright
cloud/packages/tests/playwright/generate-image.spec.ts,KEEP,0,,false,false,false,true,,playwright
cloud/packages/tests/playwright/pages/admin-pages.spec.ts,KEEP,0,,false,false,false,true,,playwright
cloud/packages/tests/playwright/pages/dashboard-pages.spec.ts,KEEP,0,,false,false,false,true,,playwright
cloud/packages/tests/playwright/pages/public-pages.spec.ts,KEEP,0,,false,false,false,true,,playwright
cloud/packages/tests/playwright/steward-wallet-auth.spec.ts,KEEP,0,,false,false,false,true,,playwright
cloud/packages/tests/playwright/toctou-race-condition.spec.ts,KEEP,0,,false,false,false,true,,playwright
cloud/packages/tests/playwright/uuid-sanitization.spec.ts,KEEP,0,,false,false,false,true,,playwright
cloud/packages/tests/properties/financial-invariants.test.ts,KEEP,0,,false,false,false,false,,in_test_directory
cloud/packages/tests/runtime/integration/cloud-bootstrap/web-search-multi-step.test.ts,KEEP,0,,false,false,false,false,,in_test_directory
cloud/packages/tests/runtime/integration/message-handler/basic-message.test.ts,KEEP,0,,false,false,false,false,,in_test_directory
cloud/packages/tests/runtime/integration/message-handler/mcp-tools.test.ts,KEEP,0,,false,false,false,false,,in_test_directory
cloud/packages/tests/runtime/integration/performance/embedding-init.test.ts,KEEP,0,,false,false,false,false,,in_test_directory
cloud/packages/tests/runtime/integration/performance/runtime-creation.test.ts,KEEP,0,,false,false,false,false,,in_test_directory
cloud/packages/tests/runtime/integration/runtime-factory/assistant-mode.test.ts,KEEP,0,,false,false,false,false,,in_test_directory
cloud/packages/tests/runtime/integration/runtime-factory/build-mode.test.ts,KEEP,0,,false,false,false,false,,in_test_directory
cloud/packages/tests/runtime/integration/runtime-factory/caching.test.ts,KEEP,0,,false,false,false,false,,in_test_directory
cloud/packages/tests/runtime/integration/runtime-factory/chat-mode.test.ts,KEEP,0,,false,false,false,false,,in_test_directory
cloud/packages/tests/runtime/integration/runtime-factory/config-change-race.test.ts,KEEP,0,,false,false,true,false,,in_test_directory
cloud/packages/tests/runtime/integration/runtime-factory/mcp-oauth-injection.test.ts,KEEP,0,,false,false,false,false,,in_test_directory
cloud/packages/tests/runtime/integration/runtime-factory/oauth-cache-invalidation.test.ts,KEEP,0,,false,false,true,false,,in_test_directory
cloud/packages/tests/runtime/integration/runtime-factory/pool-closure-race.test.ts,KEEP,0,,false,false,false,false,,in_test_directory
cloud/packages/tests/runtime/integration/runtime-factory/user-context-isolation.test.ts,KEEP,0,,false,false,false,false,,in_test_directory
cloud/packages/tests/runtime/mcp-assistant-trending.test.ts,KEEP,0,,false,false,false,false,,in_test_directory
cloud/packages/tests/runtime/mcp-loading.test.ts,KEEP,0,,false,false,false,false,,in_test_directory
cloud/packages/tests/runtime/performance.test.ts,KEEP,0,,false,false,false,false,,in_test_directory
cloud/packages/tests/runtime/runtime-factory.test.ts,KEEP,0,,false,false,false,false,,in_test_directory
cloud/packages/tests/unit/admin-docker-routes.test.ts,KEEP,0,,false,false,false,false,,in_test_directory
cloud/packages/tests/unit/admin-infrastructure.test.ts,KEEP,0,,false,false,false,false,,in_test_directory
cloud/packages/tests/unit/agent-gateway-relay.test.ts,KEEP,0,,false,false,false,false,,in_test_directory
cloud/packages/tests/unit/agent-google-calendar-calendars-route.test.ts,KEEP,1,,false,false,false,false,,in_test_directory
cloud/packages/tests/unit/agent-google-multi-account.test.ts,KEEP,0,,false,false,false,false,,in_test_directory
cloud/packages/tests/unit/agent-hot-pool-cron.test.ts,KEEP,0,,false,false,true,false,,in_test_directory
cloud/packages/tests/unit/agent-lifeops-github-complete.test.ts,KEEP,0,,false,false,false,false,,in_test_directory
cloud/packages/tests/unit/agent-managed-discord.test.ts,KEEP,0,,false,false,false,false,,in_test_directory
cloud/packages/tests/unit/agent-managed-github.test.ts,KEEP,0,,false,false,false,false,,in_test_directory
cloud/packages/tests/unit/anthropic-thinking.test.ts,KEEP,0,,false,false,false,false,,in_test_directory
cloud/packages/tests/unit/api-keys-cache-validation.test.ts,KEEP,0,,false,false,false,false,,in_test_directory
cloud/packages/tests/unit/api/openapi-catalog.test.ts,KEEP,0,,false,false,false,false,,in_test_directory
cloud/packages/tests/unit/app-auth-authorize-return.test.ts,KEEP,0,,false,false,false,false,,in_test_directory
cloud/packages/tests/unit/blooio-schema.test.ts,KEEP,0,,false,false,false,false,,in_test_directory
cloud/packages/tests/unit/cache-adapters.test.ts,KEEP,0,,false,false,false,false,,in_test_directory
cloud/packages/tests/unit/cloud-api-hono-cors.test.ts,KEEP,0,,false,false,false,false,,in_test_directory
cloud/packages/tests/unit/cloud-bootstrap-context-routing.test.ts,KEEP,0,,false,false,false,false,,in_test_directory
cloud/packages/tests/unit/cloud-bootstrap-multi-step-guards.test.ts,KEEP,0,,false,false,false,false,,in_test_directory
cloud/packages/tests/unit/cloud-capabilities-registry.test.ts,KEEP,0,,false,false,false,false,,in_test_directory
cloud/packages/tests/unit/cloud-native-tooling-pass-through.test.ts,KEEP,0,,false,false,false,false,,in_test_directory
cloud/packages/tests/unit/cloudflare-pages-functions.test.ts,KEEP,0,,false,false,false,false,,in_test_directory
cloud/packages/tests/unit/compat-agents-route.test.ts,KEEP,7,,false,false,false,false,,in_test_directory
cloud/packages/tests/unit/compat-envelope.test.ts,KEEP,0,,false,false,false,false,,in_test_directory
cloud/packages/tests/unit/cors-utils.test.ts,KEEP,0,,false,false,false,false,,in_test_directory
cloud/packages/tests/unit/credits.test.ts,KEEP,0,,false,false,false,false,,spawns_processes
cloud/packages/tests/unit/cron-auth.test.ts,KEEP,0,,false,false,false,false,,in_test_directory
cloud/packages/tests/unit/database-url.test.ts,KEEP,0,,false,false,false,false,,in_test_directory
cloud/packages/tests/unit/deployment-environment.test.ts,KEEP,0,,false,false,false,false,,in_test_directory
cloud/packages/tests/unit/discord-connections-api.test.ts,KEEP,0,,false,false,false,false,,in_test_directory
cloud/packages/tests/unit/docker-infrastructure.test.ts,KEEP,0,,false,false,false,false,,spawns_processes
cloud/packages/tests/unit/docker-node-manager.test.ts,KEEP,12,,false,false,false,false,,in_test_directory
cloud/packages/tests/unit/docker-sandbox-steward-proxy-env.test.ts,KEEP,0,,false,false,false,false,,in_test_directory
cloud/packages/tests/unit/domains/app-domains-route.test.ts,KEEP,5,,false,false,false,false,,in_test_directory
cloud/packages/tests/unit/domains/cloudflare-dns-stub.test.ts,KEEP,0,,false,false,false,false,,in_test_directory
cloud/packages/tests/unit/domains/cloudflare-registrar-stub.test.ts,KEEP,0,,false,false,false,false,,in_test_directory
cloud/packages/tests/unit/domains/domain-pricing.test.ts,KEEP,0,,false,false,false,false,,in_test_directory
cloud/packages/tests/unit/eliza-agent-provision-route.test.ts,KEEP,9,,false,false,false,false,,in_test_directory
cloud/packages/tests/unit/eliza-agent-web-ui.test.ts,KEEP,0,,false,false,false,false,,in_test_directory
cloud/packages/tests/unit/eliza-app/auth-endpoint.test.ts,KEEP,0,,false,false,false,false,,in_test_directory
cloud/packages/tests/unit/eliza-app/connection-success-route.test.ts,KEEP,0,,false,false,false,false,,in_test_directory
cloud/packages/tests/unit/eliza-app/cross-platform-linking.test.ts,KEEP,0,,false,false,false,false,,in_test_directory
cloud/packages/tests/unit/eliza-app/deterministic-uuid.test.ts,KEEP,0,,false,false,false,false,,in_test_directory
cloud/packages/tests/unit/eliza-app/discord-auth.test.ts,KEEP,0,,false,false,false,false,,in_test_directory
cloud/packages/tests/unit/eliza-app/discord-user-service.test.ts,KEEP,0,,false,false,false,false,,in_test_directory
cloud/packages/tests/unit/eliza-app/discord-webhook.test.ts,KEEP,0,,false,false,false,false,,in_test_directory
cloud/packages/tests/unit/eliza-app/oauth-enforcement.test.ts,KEEP,0,,false,false,false,false,,in_test_directory
cloud/packages/tests/unit/eliza-app/session-service.test.ts,KEEP,0,,false,false,false,false,,in_test_directory
cloud/packages/tests/unit/eliza-app/telegram-auth.test.ts,KEEP,0,,false,false,false,false,,in_test_directory
cloud/packages/tests/unit/eliza-app/webhook-validation.test.ts,KEEP,0,,false,false,false,false,,in_test_directory
cloud/packages/tests/unit/eliza-app/whatsapp-auth.test.ts,KEEP,0,,false,false,false,false,,in_test_directory
cloud/packages/tests/unit/eliza-app/whatsapp-webhook.test.ts,KEEP,0,,false,false,false,false,,in_test_directory
cloud/packages/tests/unit/engagement-metrics/cache-keys.test.ts,KEEP,0,,false,false,false,false,,in_test_directory
cloud/packages/tests/unit/engagement-metrics/schemas.test.ts,KEEP,0,,false,false,false,false,,in_test_directory
cloud/packages/tests/unit/env-validator.test.ts,KEEP,0,,false,false,false,false,,in_test_directory
cloud/packages/tests/unit/idempotency.test.ts,KEEP,0,,false,false,false,false,,in_test_directory
cloud/packages/tests/unit/jsonb-param.test.ts,KEEP,0,,false,false,false,false,,in_test_directory
cloud/packages/tests/unit/ledger-source-id.test.ts,KEEP,0,,false,false,false,false,,in_test_directory
cloud/packages/tests/unit/login-return-to.test.ts,KEEP,0,,false,false,false,false,,in_test_directory
cloud/packages/tests/unit/market-preview-routes.test.ts,KEEP,0,,false,false,false,false,,in_test_directory
cloud/packages/tests/unit/market-price-preview-route.test.ts,KEEP,1,,false,false,false,false,,in_test_directory
cloud/packages/tests/unit/mcp-tool-visibility.test.ts,KEEP,0,,false,false,false,false,,in_test_directory
cloud/packages/tests/unit/message-router-service.test.ts,KEEP,0,,false,false,false,false,,in_test_directory
cloud/packages/tests/unit/model-catalog.test.ts,KEEP,0,,false,false,false,false,,in_test_directory
cloud/packages/tests/unit/model-id-compat.test.ts,KEEP,0,,false,false,false,false,,in_test_directory
cloud/packages/tests/unit/model-id-translation.test.ts,KEEP,0,,false,false,false,false,,in_test_directory
cloud/packages/tests/unit/n8n-bridge-apikey-cred-map.test.ts,KEEP,0,,false,false,false,false,,in_test_directory
cloud/packages/tests/unit/n8n-bridge-oauth-cred-map.test.ts,KEEP,0,,false,false,false,false,,in_test_directory
cloud/packages/tests/unit/node-autoscaler-hot-pool.test.ts,KEEP,3,,false,false,false,false,,in_test_directory
cloud/packages/tests/unit/node-bootstrap.test.ts,KEEP,0,,false,false,false,false,,in_test_directory
cloud/packages/tests/unit/oauth-state-validation.test.ts,KEEP,0,,false,false,false,false,,in_test_directory
cloud/packages/tests/unit/oauth/connection-adapters.test.ts,KEEP,0,,false,false,false,false,,in_test_directory
cloud/packages/tests/unit/oauth/errors.test.ts,KEEP,0,,false,false,false,false,,in_test_directory
cloud/packages/tests/unit/oauth/oauth-service.test.ts,KEEP,0,,false,false,false,false,,in_test_directory
cloud/packages/tests/unit/oauth/provider-registry.test.ts,KEEP,0,,false,false,false,false,,in_test_directory
cloud/packages/tests/unit/oauth/public-token-routes.test.ts,KEEP,0,,false,false,false,false,,in_test_directory
cloud/packages/tests/unit/oauth/secrets-adapter-utils.test.ts,KEEP,0,,false,false,false,false,,in_test_directory
cloud/packages/tests/unit/org-rate-limits.test.ts,KEEP,0,,false,false,false,false,,in_test_directory
cloud/packages/tests/unit/origin-validation.test.ts,KEEP,0,,false,false,false,false,,in_test_directory
cloud/packages/tests/unit/outbound-url.test.ts,KEEP,0,,false,false,false,false,,spawns_processes
cloud/packages/tests/unit/pairing-token-route.test.ts,KEEP,9,,false,false,false,false,,in_test_directory
cloud/packages/tests/unit/performance-optimizations.test.ts,KEEP,0,,false,false,false,false,,in_test_directory
cloud/packages/tests/unit/persistence-guard.test.ts,KEEP,0,,false,false,false,false,,in_test_directory
cloud/packages/tests/unit/phone-normalization.test.ts,KEEP,0,,false,false,false,false,,in_test_directory
cloud/packages/tests/unit/platform-credentials-multi-account-schema.test.ts,KEEP,0,,false,false,false,false,,in_test_directory
cloud/packages/tests/unit/platform-protocol-surfaces.test.ts,KEEP,0,,false,false,false,false,,in_test_directory
cloud/packages/tests/unit/playwright-test-session.test.ts,KEEP,0,,false,false,false,false,,in_test_directory
cloud/packages/tests/unit/pr385-round2-fixes.test.ts,KEEP,0,,false,false,false,false,,spawns_processes
cloud/packages/tests/unit/pr385-round5-fixes.test.ts,KEEP,0,,false,false,false,false,,in_test_directory
cloud/packages/tests/unit/providers-direct.test.ts,KEEP,0,,false,false,true,false,,in_test_directory
cloud/packages/tests/unit/providers-fallback.test.ts,KEEP,0,,false,false,true,false,,in_test_directory
cloud/packages/tests/unit/providers-vast.test.ts,KEEP,0,,false,false,false,false,,in_test_directory
cloud/packages/tests/unit/provisioning-jobs-heartbeat.test.ts,KEEP,2,,false,false,false,false,,in_test_directory
cloud/packages/tests/unit/provisioning-worker-config.test.ts,KEEP,0,,false,false,false,false,,in_test_directory
cloud/packages/tests/unit/proxy-cors.test.ts,KEEP,0,,false,false,false,false,,in_test_directory
cloud/packages/tests/unit/rate-limit-presets.test.ts,KEEP,0,,false,false,false,false,,in_test_directory
cloud/packages/tests/unit/redirect-validation.test.ts,KEEP,0,,false,false,false,false,,in_test_directory
cloud/packages/tests/unit/redis-queue.test.ts,KEEP,1,,false,false,false,false,,in_test_directory
cloud/packages/tests/unit/referral-me.test.ts,KEEP,0,,false,false,false,false,,in_test_directory
cloud/packages/tests/unit/runtime-database-adapter-config.test.ts,KEEP,0,,false,false,false,false,,in_test_directory
cloud/packages/tests/unit/security-validations.test.ts,KEEP,0,,false,false,false,false,,in_test_directory
cloud/packages/tests/unit/seo-environment.test.ts,KEEP,0,,false,false,false,false,,in_test_directory
cloud/packages/tests/unit/service-key-auth.test.ts,KEEP,0,,false,false,false,false,,spawns_processes
cloud/packages/tests/unit/sidebar-data.test.ts,KEEP,0,,false,false,false,false,,in_test_directory
cloud/packages/tests/unit/siwe-helpers-smoke.test.ts,KEEP,0,,false,false,false,false,,in_test_directory
cloud/packages/tests/unit/steward-embedded-route.test.ts,KEEP,0,,false,false,false,false,,in_test_directory
cloud/packages/tests/unit/steward-oauth-url.test.ts,KEEP,0,,false,false,false,false,,in_test_directory
cloud/packages/tests/unit/steward-sync.test.ts,KEEP,0,,false,false,false,false,,in_test_directory
cloud/packages/tests/unit/steward-tenant-config.test.ts,KEEP,1,,false,false,true,false,,in_test_directory
cloud/packages/tests/unit/storage-proxy.test.ts,KEEP,8,,false,false,false,false,,in_test_directory
cloud/packages/tests/unit/token-agent-linkage.test.ts,KEEP,0,,false,false,false,false,,in_test_directory
cloud/packages/tests/unit/topup-handler.test.ts,KEEP,0,,false,false,false,false,,in_test_directory
cloud/packages/tests/unit/twilio-automation-service.test.ts,KEEP,0,,false,false,false,false,,in_test_directory
cloud/packages/tests/unit/twitter-oauth-routes.test.ts,KEEP,10,,false,false,false,false,,in_test_directory
cloud/packages/tests/unit/twitter-oauth2-client.test.ts,KEEP,0,,false,false,false,false,,in_test_directory
cloud/packages/tests/unit/users-repository.test.ts,KEEP,0,,false,false,false,false,,in_test_directory
cloud/packages/tests/unit/v1-agents-schema.test.ts,KEEP,0,,false,false,false,false,,in_test_directory
cloud/packages/tests/unit/validation.test.ts,KEEP,0,,false,false,false,false,,in_test_directory
cloud/packages/tests/unit/waifu-bridge.test.ts,KEEP,0,,false,false,false,false,,in_test_directory
cloud/packages/tests/unit/whatsapp-api-util.test.ts,KEEP,0,,false,false,false,false,,in_test_directory
cloud/packages/tests/unit/whatsapp-automation.test.ts,KEEP,0,,false,false,false,false,,in_test_directory
cloud/packages/tests/unit/workers-hono-auth.test.ts,KEEP,1,,false,false,false,false,,in_test_directory
cloud/packages/tests/unit/x402/facilitator-service.test.ts,KEEP,0,,false,false,false,false,,in_test_directory
cloud/packages/tests/unit/x402/plugin-cloud-integration.test.ts,KEEP,0,,false,false,false,false,,in_test_directory
cloud/packages/tests/unit/z-anthropic-web-search.test.ts,KEEP,0,,false,false,false,false,,in_test_directory
cloud/services/agent-server/__tests__/unit/config.test.ts,CONVERT,0,,false,false,false,false,,pure_unit_no_signals
cloud/services/agent-server/__tests__/unit/metadata-helpers.test.ts,CONVERT,0,,false,false,false,false,,pure_unit_no_signals
cloud/services/gateway-discord/tests/hash-router.test.ts,KEEP,0,,false,false,false,false,,in_test_directory
cloud/services/gateway-discord/tests/leader-election.test.ts,KEEP,0,,false,false,false,false,,in_test_directory
cloud/services/gateway-discord/tests/voice-message-handler.test.ts,KEEP,0,,false,false,false,false,,in_test_directory
cloud/services/gateway-webhook/__tests__/build-forward-body.test.ts,CONVERT,0,,false,false,false,false,,pure_unit_no_signals
cloud/services/gateway-webhook/__tests__/hash-router.test.ts,CONVERT,0,,false,false,false,false,,pure_unit_no_signals
cloud/services/gateway-webhook/__tests__/internal-auth.test.ts,CONVERT,0,,false,false,false,false,,pure_unit_no_signals
packages/agent/src/actions/life-param-extractor-real.test.ts,KEEP,0,,true,true,false,false,,runtime_imports
packages/agent/src/actions/search.test.ts,KEEP,13,,true,false,false,false,,runtime_imports
packages/agent/src/actions/terminal.test.ts,DELETE,2,,false,false,false,false,,mocks_no_io_density=2
packages/agent/src/api/auth-routes.test.ts,CONVERT,0,,false,false,false,false,,pure_unit_no_signals
packages/agent/src/api/chat-routes-usage.test.ts,KEEP,11,,true,false,false,false,,runtime_imports
packages/agent/src/api/server-helpers-auth.test.ts,CONVERT,0,,false,false,false,false,,pure_unit_no_signals
packages/agent/src/providers/media-provider.real.test.ts,KEEP,0,real,false,false,true,false,media-provider.real.e2e.test.ts,infix:real
packages/agent/src/runtime/build-character-capability-hints.test.ts,CONVERT,0,,false,false,false,false,,pure_unit_no_signals
packages/agent/src/runtime/operations/vault-integration.test.ts,CONVERT,0,,false,false,false,false,,pure_unit_no_signals
packages/agent/src/services/app-manager-agents-list-guard.test.ts,CONVERT,0,,false,false,false,false,,pure_unit_no_signals
packages/app-core/platforms/electrobun/src/desktop-http-request.test.ts,DELETE,2,,false,false,false,false,,mocks_no_io_density=2
packages/app-core/scripts/startup-integration-script-drift.test.ts,CONVERT,0,,false,false,false,false,,pure_unit_no_signals
packages/app-core/src/api/android-native-agent-transport.test.ts,DELETE,4,,false,false,false,false,,mocks_no_io_density=4
packages/app-core/src/api/auth-bootstrap-routes.real.test.ts,KEEP,0,real,false,false,false,false,auth-bootstrap-routes.real.e2e.test.ts,http_server_setup
packages/app-core/src/api/auth-pairing-compat-routes.test.ts,DELETE,15,,false,false,false,false,,mocks_no_io_density=15
packages/app-core/src/api/auth-session-routes.real.test.ts,KEEP,0,real,false,false,false,false,auth-session-routes.real.e2e.test.ts,infix:real
packages/app-core/src/api/auth/bootstrap-token.real.test.ts,KEEP,0,real,false,false,false,false,bootstrap-token.real.e2e.test.ts,infix:real
packages/app-core/src/api/client-base-timeout.test.ts,CONVERT,0,,false,false,false,false,,pure_unit_no_signals
packages/app-core/src/api/client-cloud-direct-auth.test.ts,DELETE,4,,false,false,false,false,,mocks_no_io_density=4
packages/app-core/src/api/csrf-client.test.ts,DELETE,6,,false,false,false,false,,mocks_no_io_density=6
packages/app-core/src/api/desktop-http-transport.test.ts,DELETE,5,,false,false,false,false,,mocks_no_io_density=5
packages/app-core/src/api/ios-local-agent-kernel.test.ts,CONVERT,0,,false,false,false,false,,pure_unit_no_signals
packages/app-core/src/api/server-reset-hop.test.ts,DELETE,8,,false,false,false,false,,mocks_no_io_density=8
packages/app-core/src/components/shell/pairing-command.test.ts,CONVERT,0,,false,false,false,false,,pure_unit_no_signals
packages/app-core/src/components/shell/RuntimeGate.cloud-provisioning.test.tsx,DELETE,40,,false,false,false,false,,mocks_no_io_density=40
packages/app-core/src/components/tool-events/ToolCallEventLog.test.tsx,CONVERT,0,,false,false,false,false,,pure_unit_no_signals
packages/app-core/src/onboarding/mobile-runtime-mode.test.ts,DELETE,4,,false,false,false,false,,mocks_no_io_density=4
packages/app-core/src/onboarding/probe-local-agent.test.ts,DELETE,6,,false,false,false,false,,mocks_no_io_density=6
packages/app-core/src/services/auth-store.real.test.ts,KEEP,0,real,false,false,false,false,auth-store.real.e2e.test.ts,infix:real
packages/app-core/src/services/local-inference/engine.e2e.test.ts,KEEP,0,e2e,false,false,false,false,,spawns_processes
packages/app-core/src/state/complete-reset-local-state-after-wipe.test.ts,DELETE,3,,false,false,false,false,,mocks_no_io_density=3
packages/app-core/src/state/persistence-cloud-active-server.test.ts,CONVERT,0,,false,false,false,false,,pure_unit_no_signals
packages/app-core/src/state/startup-phase-runtime.test.ts,DELETE,14,,false,false,false,false,,mocks_no_io_density=14
packages/app-core/test/app/memory-relationships.real.e2e.test.ts,KEEP,0,real.e2e,false,false,false,true,,playwright
packages/app-core/test/app/onboarding-companion.live.e2e.test.ts,KEEP,0,live.e2e,false,false,false,false,onboarding-companion.e2e.test.ts,spawns_processes
packages/app-core/test/app/qa-checklist.real.e2e.test.ts,KEEP,0,real.e2e,false,false,true,true,,playwright
packages/app-core/test/benchmarks/action-selection.real.test.ts,KEEP,0,real,true,false,false,false,action-selection.real.e2e.test.ts,runtime_imports
packages/app-core/test/helpers/live-provider.test.ts,KEEP,0,,false,false,false,false,,in_test_directory
packages/app-core/test/live-agent/action-invocation.live.e2e.test.ts,KEEP,0,live.e2e,true,true,false,false,action-invocation.e2e.test.ts,runtime_imports
packages/app-core/test/live-agent/agent-runtime.live.e2e.test.ts,KEEP,0,live.e2e,true,false,false,false,agent-runtime.e2e.test.ts,runtime_imports
packages/app-core/test/live-agent/api-auth-live.e2e.test.ts,KEEP,0,e2e,false,false,true,false,,infix:e2e
packages/app-core/test/live-agent/automations-compat-routes.test.ts,KEEP,9,,false,false,false,false,,http_server_setup
packages/app-core/test/live-agent/cloud-auth.live.e2e.test.ts,KEEP,0,live.e2e,false,false,false,false,cloud-auth.e2e.test.ts,spawns_processes
packages/app-core/test/live-agent/cloud-login-persist.real.e2e.test.ts,KEEP,0,real.e2e,false,false,true,false,,infix:real.e2e
packages/app-core/test/live-agent/cloud-providers.live.e2e.test.ts,KEEP,0,live.e2e,false,false,false,false,cloud-providers.e2e.test.ts,infix:live.e2e
packages/app-core/test/live-agent/connector-health.live.e2e.test.ts,KEEP,0,live.e2e,false,false,false,false,connector-health.e2e.test.ts,spawns_processes
packages/app-core/test/live-agent/database-conversation.live.e2e.test.ts,KEEP,0,live.e2e,false,false,false,false,database-conversation.e2e.test.ts,spawns_processes
packages/app-core/test/live-agent/experience-capture.real.e2e.test.ts,KEEP,0,real.e2e,false,false,false,false,,infix:real.e2e
packages/app-core/test/live-agent/experience-extraction.live.e2e.test.ts,KEEP,0,live.e2e,true,true,false,false,experience-extraction.e2e.test.ts,runtime_imports
packages/app-core/test/live-agent/farcaster-connector.live.e2e.test.ts,KEEP,0,live.e2e,false,false,true,false,farcaster-connector.e2e.test.ts,infix:live.e2e
packages/app-core/test/live-agent/feishu-connector.live.e2e.test.ts,KEEP,0,live.e2e,false,false,false,false,feishu-connector.e2e.test.ts,infix:live.e2e
packages/app-core/test/live-agent/lens-connector.live.e2e.test.ts,KEEP,0,live.e2e,false,false,true,false,lens-connector.e2e.test.ts,infix:live.e2e
packages/app-core/test/live-agent/matrix-connector.live.e2e.test.ts,KEEP,0,live.e2e,false,false,false,false,matrix-connector.e2e.test.ts,infix:live.e2e
packages/app-core/test/live-agent/n8n-sidecar.live.e2e.test.ts,KEEP,0,live.e2e,false,true,false,false,n8n-sidecar.e2e.test.ts,mockoon_imports
packages/app-core/test/live-agent/nostr-connector.live.e2e.test.ts,KEEP,0,live.e2e,false,false,false,false,nostr-connector.e2e.test.ts,infix:live.e2e
packages/app-core/test/live-agent/page-scoped-chat.live.e2e.test.ts,KEEP,0,live.e2e,true,true,false,false,page-scoped-chat.e2e.test.ts,runtime_imports
packages/app-core/test/live-agent/personality-routing.live.e2e.test.ts,KEEP,0,live.e2e,true,false,false,false,personality-routing.e2e.test.ts,runtime_imports
packages/app-core/test/live-agent/plugin-lifecycle.live.e2e.test.ts,KEEP,0,live.e2e,false,false,true,false,plugin-lifecycle.e2e.test.ts,spawns_processes
packages/app-core/test/live-agent/real-runtime-helpers.live.e2e.test.ts,KEEP,0,live.e2e,false,true,false,false,real-runtime-helpers.e2e.test.ts,mockoon_imports
packages/app-core/test/live-agent/runtime-debug.live.e2e.test.ts,KEEP,0,live.e2e,true,false,false,false,runtime-debug.e2e.test.ts,runtime_imports
packages/app-core/test/live-agent/telegram-connector.live.e2e.test.ts,KEEP,0,live.e2e,true,false,false,false,telegram-connector.e2e.test.ts,runtime_imports
packages/app/test/electrobun-packaged/electrobun-packaged-regressions.e2e.spec.ts,KEEP,0,e2e,false,false,false,true,,playwright
packages/app/test/electrobun-packaged/electrobun-windows-startup.e2e.spec.ts,KEEP,0,e2e,false,false,false,true,,playwright
packages/app/test/ui-smoke/all-pages-clicksafe.spec.ts,KEEP,0,,false,false,false,true,,playwright
packages/app/test/ui-smoke/apps-session-direct-a.spec.ts,KEEP,0,,false,false,false,true,,playwright
packages/app/test/ui-smoke/apps-session-direct-b.spec.ts,KEEP,0,,false,false,false,true,,playwright
packages/app/test/ui-smoke/apps-session.spec.ts,KEEP,0,,false,false,false,true,,playwright
packages/app/test/ui-smoke/auth-startup.spec.ts,KEEP,0,,false,false,false,true,,playwright
packages/app/test/ui-smoke/automations.spec.ts,KEEP,0,,false,false,false,true,,playwright
packages/app/test/ui-smoke/browser-workspace.spec.ts,KEEP,0,,false,false,false,true,,playwright
packages/app/test/ui-smoke/cloud-provisioning-startup.spec.ts,KEEP,0,,false,false,false,true,,playwright
packages/app/test/ui-smoke/cloud-wallet-import.spec.ts,KEEP,0,,false,false,false,true,,playwright
packages/app/test/ui-smoke/computer-use.spec.ts,KEEP,0,,false,false,false,true,,playwright
packages/app/test/ui-smoke/connectors.spec.ts,KEEP,0,,false,false,false,true,,playwright
packages/app/test/ui-smoke/game-apps.spec.ts,KEEP,0,,false,false,false,true,,playwright
packages/app/test/ui-smoke/titlebar-navigation.spec.ts,KEEP,0,,false,false,false,true,,playwright
packages/app/test/ui-smoke/ui-smoke.spec.ts,KEEP,0,,false,false,false,true,,playwright
packages/benchmarks/app-eval/evaluate.real.test.ts,KEEP,0,real,false,false,false,false,evaluate.real.e2e.test.ts,spawns_processes
packages/core/e2e/runtime-live.e2e.spec.ts,KEEP,0,e2e,true,false,false,true,,runtime_imports
packages/core/src/__tests__/description-compressed-lint.test.ts,CONVERT,0,,false,false,false,false,,pure_unit_no_signals
packages/core/src/__tests__/message-action-dedupe.test.ts,DELETE,4,,false,false,false,false,,mocks_no_io_density=4
packages/core/src/__tests__/message-benchmark-integration.contract.test.ts,CONVERT,0,,false,false,false,false,,pure_unit_no_signals
packages/core/src/__tests__/message-routing-live-regression.test.ts,DELETE,4,,false,false,false,false,,mocks_no_io_density=4
packages/core/src/__tests__/message-v5-runtime-stage1.test.ts,DELETE,6,,false,false,false,false,,mocks_no_io_density=6
packages/core/src/__tests__/read-attachment-action.test.ts,DELETE,7,,false,false,false,false,,mocks_no_io_density=7
packages/core/src/__tests__/service-type-collisions.test.ts,KEEP,0,,true,false,false,false,,runtime_imports
packages/core/src/__tests__/should-respond.live.test.ts,KEEP,0,live,true,false,false,false,should-respond.e2e.test.ts,runtime_imports
packages/core/src/__tests__/streaming-context-events.test.ts,DELETE,8,,false,false,false,false,,mocks_no_io_density=8
packages/core/src/__tests__/structured-parser.test.ts,CONVERT,0,,false,false,false,false,,pure_unit_no_signals
packages/core/src/actions/__tests__/to-tool.test.ts,CONVERT,0,,false,false,false,false,,pure_unit_no_signals
packages/core/src/actions/__tests__/validate-tool-args.test.ts,CONVERT,0,,false,false,false,false,,pure_unit_no_signals
packages/core/src/features/basic-capabilities/actions/reply.test.ts,KEEP,3,,true,false,false,false,,runtime_imports
packages/core/src/features/basic-capabilities/providers/platformContext.test.ts,DELETE,10,,false,false,false,false,,mocks_no_io_density=10
packages/core/src/features/plugin-manager/plugin-manager-umbrella.test.ts,CONVERT,0,,false,false,false,false,,pure_unit_no_signals
packages/core/src/features/trajectories/trajectory-json-export.test.ts,CONVERT,0,,false,false,false,false,,pure_unit_no_signals
packages/core/src/features/trust/trust-evaluator-disablement.test.ts,CONVERT,0,,false,false,false,false,,pure_unit_no_signals
packages/core/src/media/fetch.test.ts,CONVERT,0,,false,false,false,false,,pure_unit_no_signals
packages/core/src/network/ssrf.test.ts,CONVERT,0,,false,false,false,false,,pure_unit_no_signals
packages/core/src/runtime/__tests__/cache-observer.test.ts,CONVERT,0,,false,false,false,false,,pure_unit_no_signals
packages/core/src/runtime/__tests__/context-diff.test.ts,CONVERT,0,,false,false,false,false,,pure_unit_no_signals
packages/core/src/runtime/__tests__/context-hash.test.ts,CONVERT,0,,false,false,false,false,,pure_unit_no_signals
packages/core/src/runtime/__tests__/context-registry.test.ts,CONVERT,0,,false,false,false,false,,pure_unit_no_signals
packages/core/src/runtime/__tests__/evaluator.test.ts,DELETE,3,,false,false,false,false,,mocks_no_io_density=3
packages/core/src/runtime/__tests__/execute-planned-tool-call.test.ts,DELETE,8,,false,false,false,false,,mocks_no_io_density=8
packages/core/src/runtime/__tests__/message-handler.test.ts,CONVERT,0,,false,false,false,false,,pure_unit_no_signals
packages/core/src/runtime/__tests__/planner-loop.test.ts,DELETE,9,,false,false,false,false,,mocks_no_io_density=9
packages/core/src/runtime/__tests__/sub-planner.test.ts,DELETE,6,,false,false,false,false,,mocks_no_io_density=6
packages/elizaos/templates/min-plugin/tests/runtime-slop.test.ts,KEEP,0,,false,false,false,false,,in_test_directory
packages/elizaos/templates/min-project/tests/runtime-slop.test.ts,KEEP,0,,false,false,false,false,,in_test_directory
packages/elizaos/templates/plugin/src/__tests__/integration.test.ts,CONVERT,0,,false,false,false,false,,pure_unit_no_signals
packages/elizaos/templates/plugin/src/e2e/plugin-starter.e2e.test.ts,KEEP,0,e2e,false,false,false,false,,infix:e2e
packages/elizaos/templates/project/apps/app/test/ui-smoke/apps-session.spec.ts,KEEP,0,,false,false,false,true,,playwright
packages/elizaos/templates/project/apps/app/test/ui-smoke/browser-workspace.spec.ts,KEEP,0,,false,false,false,true,,playwright
packages/elizaos/templates/project/apps/app/test/ui-smoke/ui-smoke.spec.ts,KEEP,0,,false,false,false,true,,playwright
packages/examples/_plugin/src/__tests__/integration.test.ts,CONVERT,0,,false,false,false,false,,pure_unit_no_signals
packages/examples/bluesky/__tests__/integration.test.ts,KEEP,1,,true,false,false,false,,runtime_imports
packages/native-plugins/macosalarm/__tests__/integration.macos.test.ts,KEEP,0,,false,false,false,false,,spawns_processes
packages/skills/test/formatter.test.ts,KEEP,0,,false,false,false,false,,in_test_directory
packages/skills/test/frontmatter.test.ts,KEEP,0,,false,false,false,false,,in_test_directory
packages/skills/test/provenance.test.ts,KEEP,0,,false,false,false,false,,in_test_directory
packages/skills/test/resolver.test.ts,KEEP,0,,false,false,false,false,,in_test_directory
packages/training/sim/tests/composables.test.ts,KEEP,0,,false,false,false,false,,in_test_directory
packages/training/sim/tests/config.test.ts,KEEP,0,,false,false,false,false,,in_test_directory
packages/training/sim/tests/context.test.ts,KEEP,0,,false,false,false,false,,in_test_directory
packages/training/sim/tests/engine-edge-cases.test.ts,KEEP,0,,false,false,false,false,,in_test_directory
packages/training/sim/tests/engine.test.ts,KEEP,0,,false,false,false,false,,in_test_directory
packages/training/sim/tests/errors.test.ts,KEEP,0,,false,false,false,false,,in_test_directory
packages/training/sim/tests/hooks.test.ts,KEEP,0,,false,false,false,false,,in_test_directory
packages/training/sim/tests/integration.test.ts,KEEP,0,,false,false,false,false,,in_test_directory
packages/training/sim/tests/metrics-edge-cases.test.ts,KEEP,0,,false,false,false,false,,in_test_directory
packages/training/sim/tests/metrics.test.ts,KEEP,0,,false,false,false,false,,in_test_directory
packages/training/sim/tests/module.test.ts,KEEP,0,,false,false,false,false,,in_test_directory
packages/training/sim/tests/scanner.test.ts,KEEP,0,,false,false,false,false,,in_test_directory
packages/training/sim/tests/service-container.test.ts,KEEP,0,,false,false,false,false,,in_test_directory
packages/vault/test/credentials.test.ts,KEEP,0,,false,false,false,false,,in_test_directory
packages/vault/test/external-credentials.test.ts,KEEP,0,,false,false,false,false,,in_test_directory
packages/vault/test/install.test.ts,KEEP,0,,false,false,false,false,,in_test_directory
packages/vault/test/inventory.test.ts,KEEP,0,,false,false,false,false,,in_test_directory
packages/vault/test/manager.test.ts,KEEP,0,,false,false,false,false,,in_test_directory
packages/vault/test/master-key.test.ts,KEEP,0,,false,false,false,false,,in_test_directory
packages/vault/test/pglite-vault.test.ts,KEEP,0,,false,false,false,false,,in_test_directory
packages/vault/test/profiles.test.ts,KEEP,0,,false,false,false,false,,in_test_directory
packages/vault/test/vault.test.ts,KEEP,0,,false,false,false,false,,in_test_directory
plugins/app-2004scape/src/actions/routers.test.ts,CONVERT,0,,false,false,false,false,,pure_unit_no_signals
plugins/app-browser/src/__tests__/action.test.ts,DELETE,2,,false,false,false,false,,mocks_no_io_density=2
plugins/app-companion/test/companion-emotes.live.e2e.test.ts,KEEP,0,live.e2e,false,false,false,false,companion-emotes.e2e.test.ts,infix:live.e2e
plugins/app-contacts/src/providers/contacts.test.ts,DELETE,2,,false,false,false,false,,mocks_no_io_density=2
plugins/app-knowledge/test/knowledge-api.live.e2e.test.ts,KEEP,0,live.e2e,false,false,false,false,knowledge-api.e2e.test.ts,infix:live.e2e
plugins/app-knowledge/test/knowledge-live.e2e.test.ts,KEEP,0,e2e,false,true,false,false,,mockoon_imports
plugins/app-lifeops/src/website-blocker/chat-integration/__tests__/actions.test.ts,DELETE,5,,false,false,false,false,,mocks_no_io_density=5
plugins/app-lifeops/src/website-blocker/chat-integration/__tests__/block-rule-reconciler.test.ts,DELETE,2,,false,false,false,false,,mocks_no_io_density=2
plugins/app-lifeops/src/website-blocker/chat-integration/__tests__/block-rule-service.test.ts,DELETE,2,,false,false,false,false,,mocks_no_io_density=2
plugins/app-lifeops/test/apple-reminders.live.test.ts,KEEP,0,live,false,false,false,false,apple-reminders.real.e2e.test.ts,spawns_processes
plugins/app-lifeops/test/approval-queue.integration.test.ts,KEEP,0,integration,true,false,true,false,,runtime_imports
plugins/app-lifeops/test/approval.dispatch.integration.test.ts,KEEP,6,integration,true,false,false,false,,runtime_imports
plugins/app-lifeops/test/assistant-user-journeys.followup-repair.live.e2e.test.ts,KEEP,0,live.e2e,true,false,false,false,assistant-user-journeys.followup-repair.e2e.test.ts,runtime_imports
plugins/app-lifeops/test/assistant-user-journeys.identity-merge.live.e2e.test.ts,KEEP,0,live.e2e,true,false,false,false,assistant-user-journeys.identity-merge.e2e.test.ts,runtime_imports
plugins/app-lifeops/test/assistant-user-journeys.live.e2e.test.ts,KEEP,0,live.e2e,true,false,false,false,assistant-user-journeys.e2e.test.ts,runtime_imports
plugins/app-lifeops/test/assistant-user-journeys.morning-brief.live.e2e.test.ts,KEEP,0,live.e2e,true,false,false,false,assistant-user-journeys.morning-brief.e2e.test.ts,runtime_imports
plugins/app-lifeops/test/book-travel.approval.integration.test.ts,KEEP,0,integration,true,false,false,false,,runtime_imports
plugins/app-lifeops/test/booking-preferences.e2e.test.ts,KEEP,0,e2e,true,true,false,false,,runtime_imports
plugins/app-lifeops/test/bundle-meetings.e2e.test.ts,KEEP,0,e2e,true,true,false,false,,runtime_imports
plugins/app-lifeops/test/cancellation-fee.e2e.test.ts,KEEP,0,e2e,true,true,false,false,,runtime_imports
plugins/app-lifeops/test/cross-channel-search.integration.test.ts,KEEP,0,integration,true,false,true,false,,runtime_imports
plugins/app-lifeops/test/daily-brief.drafts.e2e.test.ts,KEEP,0,e2e,true,true,false,false,,runtime_imports
plugins/app-lifeops/test/eow-escalation.e2e.test.ts,KEEP,0,e2e,true,true,false,false,,runtime_imports
plugins/app-lifeops/test/flight-rebook.e2e.test.ts,KEEP,0,e2e,true,true,false,false,,runtime_imports
plugins/app-lifeops/test/google-drive.integration.test.ts,KEEP,0,integration,false,false,false,false,,infix:integration
plugins/app-lifeops/test/group-chat-handoff.e2e.test.ts,KEEP,0,e2e,true,true,false,false,,runtime_imports
plugins/app-lifeops/test/intent-sync.real.test.ts,KEEP,0,real,true,false,false,false,intent-sync.real.e2e.test.ts,runtime_imports
plugins/app-lifeops/test/life-smoke.integration.test.ts,KEEP,0,integration,true,false,true,false,,runtime_imports
plugins/app-lifeops/test/lifeops-action-gating.integration.test.ts,KEEP,0,integration,true,false,false,false,,runtime_imports
plugins/app-lifeops/test/lifeops-activity-signals.remote.live.e2e.test.ts,KEEP,0,live.e2e,false,false,false,false,lifeops-activity-signals.remote.e2e.test.ts,infix:live.e2e
plugins/app-lifeops/test/lifeops-calendar-chat.real.test.ts,KEEP,0,real,true,false,false,false,lifeops-calendar-chat.real.e2e.test.ts,runtime_imports
plugins/app-lifeops/test/lifeops-chat.live.e2e.test.ts,KEEP,0,live.e2e,false,false,false,false,lifeops-chat.e2e.test.ts,infix:live.e2e
plugins/app-lifeops/test/lifeops-feature-flags.integration.test.ts,KEEP,0,integration,false,false,false,false,,infix:integration
plugins/app-lifeops/test/lifeops-gmail-chat.live.e2e.test.ts,KEEP,0,live.e2e,true,true,false,false,lifeops-gmail-chat.e2e.test.ts,runtime_imports
plugins/app-lifeops/test/lifeops-inbox-triage.integration.test.ts,KEEP,0,integration,false,false,false,false,,infix:integration
plugins/app-lifeops/test/lifeops-life-chat.real.test.ts,KEEP,0,real,true,true,false,false,lifeops-life-chat.real.e2e.test.ts,runtime_imports
plugins/app-lifeops/test/lifeops-llm-extraction.live.test.ts,KEEP,0,live,true,true,false,false,lifeops-llm-extraction.e2e.test.ts,runtime_imports
plugins/app-lifeops/test/lifeops-memory.live.e2e.test.ts,KEEP,0,live.e2e,true,false,false,false,lifeops-memory.e2e.test.ts,runtime_imports
plugins/app-lifeops/test/lifeops-scheduling.real.test.ts,KEEP,0,real,true,false,false,false,lifeops-scheduling.real.e2e.test.ts,runtime_imports
plugins/app-lifeops/test/lifeops-screen-context.live.e2e.test.ts,KEEP,0,live.e2e,false,false,false,false,lifeops-screen-context.e2e.test.ts,infix:live.e2e
plugins/app-lifeops/test/lifeops-signal-inbound.integration.test.ts,KEEP,0,integration,false,false,false,false,,infix:integration
plugins/app-lifeops/test/lifeops-signal-local-client.integration.test.ts,KEEP,0,integration,false,false,false,false,,infix:integration
plugins/app-lifeops/test/lifeops-signal.real.e2e.test.ts,KEEP,0,real.e2e,true,false,false,false,,runtime_imports
plugins/app-lifeops/test/lifeops-whatsapp-pull-recent.integration.test.ts,KEEP,0,integration,false,false,false,false,,infix:integration
plugins/app-lifeops/test/lifeops-whatsapp-sync.integration.test.ts,KEEP,0,integration,false,false,false,false,,infix:integration
plugins/app-lifeops/test/lifeops-x-dm-inbound.integration.test.ts,KEEP,0,integration,false,false,true,false,,infix:integration
plugins/app-lifeops/test/lifeops-x-dm-reader.integration.test.ts,KEEP,0,integration,false,false,true,false,,infix:integration
plugins/app-lifeops/test/multilingual-action-routing.integration.test.ts,KEEP,0,integration,true,true,false,false,,runtime_imports
plugins/app-lifeops/test/native-parameters.test.ts,KEEP,8,,false,false,false,false,,in_test_directory
plugins/app-lifeops/test/notifications-push.integration.test.ts,KEEP,5,integration,false,false,false,false,,infix:integration
plugins/app-lifeops/test/portal-upload.e2e.test.ts,KEEP,0,e2e,true,true,false,false,,runtime_imports
plugins/app-lifeops/test/prd-coverage.contract.test.ts,KEEP,0,,false,false,false,false,,in_test_directory
plugins/app-lifeops/test/relationships.real.test.ts,KEEP,0,real,true,false,false,false,relationships.real.e2e.test.ts,runtime_imports
plugins/app-lifeops/test/reminder-review-job.real.e2e.test.ts,KEEP,0,real.e2e,true,false,false,false,,runtime_imports
plugins/app-lifeops/test/schedule-merged-state.real.test.ts,KEEP,0,real,true,false,false,false,schedule-merged-state.real.e2e.test.ts,runtime_imports
plugins/app-lifeops/test/screen-time.real.test.ts,KEEP,0,real,true,false,false,false,screen-time.real.e2e.test.ts,runtime_imports
plugins/app-lifeops/test/selfcontrol-chat.live.e2e.test.ts,KEEP,0,live.e2e,false,true,false,false,selfcontrol-chat.e2e.test.ts,mockoon_imports
plugins/app-lifeops/test/selfcontrol-desktop.live.e2e.test.ts,KEEP,0,live.e2e,false,false,false,false,selfcontrol-desktop.e2e.test.ts,spawns_processes
plugins/app-lifeops/test/selfcontrol-dev.live.e2e.test.ts,KEEP,0,live.e2e,false,false,false,false,selfcontrol-dev.e2e.test.ts,spawns_processes
plugins/app-lifeops/test/signature-deadline.e2e.test.ts,KEEP,0,e2e,true,true,false,false,,runtime_imports
plugins/app-lifeops/test/stuck-agent-call.e2e.test.ts,KEEP,0,e2e,true,true,false,false,,runtime_imports
plugins/app-lifeops/test/travel-duffel.integration.test.ts,KEEP,7,integration,false,false,true,false,,infix:integration
plugins/app-phone/src/actions/place-call.test.ts,DELETE,2,,false,false,false,false,,mocks_no_io_density=2
plugins/app-scape/src/actions/routers.test.ts,CONVERT,0,,false,false,false,false,,pure_unit_no_signals
plugins/app-shopify/test/shopify-api.real.e2e.test.ts,KEEP,0,real.e2e,false,false,false,false,,infix:real.e2e
plugins/app-steward/test/anvil-contracts.real.e2e.test.ts,KEEP,0,real.e2e,false,false,false,false,,spawns_processes
plugins/app-steward/test/wallet-live.e2e.test.ts,KEEP,0,e2e,false,true,false,false,,mockoon_imports
plugins/app-task-coordinator/test/coding-agent-codex-artifact.live.e2e.test.ts,KEEP,0,live.e2e,false,false,false,false,coding-agent-codex-artifact.e2e.test.ts,spawns_processes
plugins/app-task-coordinator/test/quicksort-coding-agent.live.e2e.test.ts,KEEP,0,live.e2e,true,false,false,false,quicksort-coding-agent.e2e.test.ts,runtime_imports
plugins/app-training/src/core/trajectory-task-datasets.test.ts,DELETE,1,,false,false,false,false,,mocks_no_io_density=1
plugins/app-training/src/routes/trajectory-routes.test.ts,KEEP,11,,true,false,false,false,,runtime_imports
plugins/app-training/test/training-api.live.e2e.test.ts,KEEP,0,live.e2e,false,false,false,false,training-api.e2e.test.ts,infix:live.e2e
plugins/app-vincent/test/vincent-api.real.e2e.test.ts,KEEP,0,real.e2e,false,false,false,false,,infix:real.e2e
plugins/plugin-agent-orchestrator/src/__tests__/codex-model-provider.test.ts,DELETE,1,,false,false,false,false,,mocks_no_io_density=1
plugins/plugin-agent-orchestrator/src/__tests__/pty-auto-response.test.ts,CONVERT,0,,false,false,false,false,,pure_unit_no_signals
plugins/plugin-agent-orchestrator/src/__tests__/skill-recommender.test.ts,KEEP,0,,true,false,false,false,,runtime_imports
plugins/plugin-agent-orchestrator/src/__tests__/spawn-trajectory.test.ts,DELETE,5,,false,false,false,false,,mocks_no_io_density=5
plugins/plugin-agent-orchestrator/src/__tests__/task-agent-live.e2e.test.ts,KEEP,0,e2e,false,false,true,false,,spawns_processes
plugins/plugin-agent-skills/src/search-category.test.ts,KEEP,10,,true,false,false,false,,runtime_imports
plugins/plugin-anthropic/__tests__/credential-store.test.ts,CONVERT,0,,false,false,false,false,,pure_unit_no_signals
plugins/plugin-anthropic/__tests__/native-plumbing.test.ts,KEEP,4,,true,false,false,false,,runtime_imports
plugins/plugin-app-control/src/services/__tests__/app-verification.integration.test.ts,KEEP,0,integration,false,false,false,false,,spawns_processes
plugins/plugin-bluebubbles/__tests__/message-connector.test.ts,DELETE,10,,false,false,false,false,,mocks_no_io_density=10
plugins/plugin-bluesky/__tests__/integration/plugin.test.ts,KEEP,0,,false,false,false,false,,in_test_directory
plugins/plugin-claude-code-workbench/src/__tests__/actions.test.ts,CONVERT,0,,false,false,false,false,,pure_unit_no_signals
plugins/plugin-claude-code-workbench/src/__tests__/config.test.ts,CONVERT,0,,false,false,false,false,,pure_unit_no_signals
plugins/plugin-claude-code-workbench/src/__tests__/plugin.test.ts,CONVERT,0,,false,false,false,false,,pure_unit_no_signals
plugins/plugin-claude-code-workbench/src/__tests__/routes.test.ts,CONVERT,0,,false,false,false,false,,pure_unit_no_signals
plugins/plugin-claude-code-workbench/src/__tests__/service.test.ts,CONVERT,0,,false,false,false,false,,pure_unit_no_signals
plugins/plugin-claude-code-workbench/src/__tests__/workflows.test.ts,CONVERT,0,,false,false,false,false,,pure_unit_no_signals
plugins/plugin-commands/__tests__/plugin-compression.test.ts,CONVERT,0,,false,false,false,false,,pure_unit_no_signals
plugins/plugin-computeruse/src/__tests__/benchmark/osworld-local.real.test.ts,KEEP,0,real,false,false,false,false,osworld-local.real.e2e.test.ts,infix:real
plugins/plugin-computeruse/src/__tests__/benchmark/osworld-tasks.real.test.ts,KEEP,0,real,false,false,false,false,osworld-tasks.real.e2e.test.ts,infix:real
plugins/plugin-computeruse/src/__tests__/browser-action.test.ts,DELETE,2,,false,false,false,false,,mocks_no_io_density=2
plugins/plugin-computeruse/src/__tests__/computeruse.real.test.ts,KEEP,0,real,true,false,false,false,computeruse.real.e2e.test.ts,runtime_imports
plugins/plugin-computeruse/src/__tests__/file-ops.real.test.ts,KEEP,0,real,false,false,false,false,file-ops.real.e2e.test.ts,infix:real
plugins/plugin-computeruse/src/__tests__/runtime.live.e2e.test.ts,KEEP,0,live.e2e,false,false,false,false,runtime.e2e.test.ts,spawns_processes
plugins/plugin-computeruse/src/__tests__/service.real.test.ts,KEEP,0,real,false,false,false,false,service.real.e2e.test.ts,infix:real
plugins/plugin-computeruse/src/__tests__/terminal.real.test.ts,KEEP,0,real,false,false,true,false,terminal.real.e2e.test.ts,infix:real
plugins/plugin-computeruse/src/__tests__/trajectory.test.ts,DELETE,6,,false,false,false,false,,mocks_no_io_density=6
plugins/plugin-computeruse/src/__tests__/windows-list.real.test.ts,KEEP,0,real,false,false,false,false,windows-list.real.e2e.test.ts,infix:real
plugins/plugin-discord/__tests__/message-coalesce.test.ts,CONVERT,0,,false,false,false,false,,pure_unit_no_signals
plugins/plugin-discord/__tests__/messages-url.test.ts,DELETE,7,,false,false,false,false,,mocks_no_io_density=7
plugins/plugin-discord/__tests__/staleness.test.ts,CONVERT,0,,false,false,false,false,,pure_unit_no_signals
plugins/plugin-discord/__tests__/transcribeMedia.test.ts,DELETE,7,,false,false,false,false,,mocks_no_io_density=7
plugins/plugin-discord/actions/messageConnector.test.ts,KEEP,18,,true,false,false,false,,runtime_imports
plugins/plugin-discord/test/search-category.test.ts,KEEP,2,,true,false,false,false,,runtime_imports
plugins/plugin-edge-tts/__tests__/smoke.test.ts,CONVERT,0,,false,false,false,false,,pure_unit_no_signals
plugins/plugin-elizacloud/__tests__/cloud-api.real.test.ts,KEEP,0,real,false,false,false,false,cloud-api.real.e2e.test.ts,http_server_setup
plugins/plugin-elizacloud/__tests__/cloud-services.real.test.ts,KEEP,0,real,false,false,false,false,cloud-services.real.e2e.test.ts,http_server_setup
plugins/plugin-elizacloud/__tests__/integration/research-model.real.test.ts,KEEP,0,real,true,false,false,false,research-model.real.e2e.test.ts,runtime_imports
plugins/plugin-elizacloud/__tests__/integration/text-object-models.real.test.ts,KEEP,0,real,true,false,false,false,text-object-models.real.e2e.test.ts,runtime_imports
plugins/plugin-feishu/src/connector.test.ts,DELETE,4,,false,false,false,false,,mocks_no_io_density=4
plugins/plugin-form/src/form-plugin.test.ts,DELETE,23,,false,false,false,false,,mocks_no_io_density=23
plugins/plugin-form/src/tests/toon-integration.live.test.ts,KEEP,0,live,false,false,true,false,toon-integration.real.e2e.test.ts,infix:live
plugins/plugin-form/test/form-plugin.live.e2e.test.ts,KEEP,0,live.e2e,false,false,false,false,form-plugin.e2e.test.ts,infix:live.e2e
plugins/plugin-github/src/search-category.test.ts,KEEP,2,,true,false,false,false,,runtime_imports
plugins/plugin-google-chat/src/connector.test.ts,DELETE,3,,false,false,false,false,,mocks_no_io_density=3
plugins/plugin-google-genai/__tests__/integration/google-genai.live.test.ts,KEEP,0,live,false,false,true,false,google-genai.real.e2e.test.ts,infix:live
plugins/plugin-google-genai/__tests__/trajectory.test.ts,DELETE,7,,false,false,false,false,,mocks_no_io_density=7
plugins/plugin-groq/__tests__/model-usage.test.ts,KEEP,11,,true,false,false,false,,runtime_imports
plugins/plugin-groq/__tests__/retry.test.ts,CONVERT,0,,false,false,false,false,,pure_unit_no_signals
plugins/plugin-groq/__tests__/smoke.test.ts,CONVERT,0,,false,false,false,false,,pure_unit_no_signals
plugins/plugin-imessage/__tests__/integration.test.ts,DELETE,7,,false,false,false,false,,mocks_no_io_density=7
plugins/plugin-imessage/__tests__/message-connector.test.ts,DELETE,10,,false,false,false,false,,mocks_no_io_density=10
plugins/plugin-line/__tests__/integration.test.ts,CONVERT,0,,false,false,false,false,,pure_unit_no_signals
plugins/plugin-line/src/connector.test.ts,DELETE,3,,false,false,false,false,,mocks_no_io_density=3
plugins/plugin-linear/src/actions/routers.test.ts,KEEP,3,,true,false,false,false,,runtime_imports
plugins/plugin-linear/src/search-category.test.ts,KEEP,2,,true,false,false,false,,runtime_imports
plugins/plugin-local-ai/__tests__/index.test.ts,CONVERT,0,,false,false,false,false,,pure_unit_no_signals
plugins/plugin-local-ai/__tests__/model-usage.test.ts,KEEP,36,,true,false,false,false,,runtime_imports
plugins/plugin-local-embedding/__tests__/smoke.test.ts,CONVERT,0,,false,false,false,false,,pure_unit_no_signals
plugins/plugin-matrix/src/__tests__/connector.test.ts,DELETE,3,,false,false,false,false,,mocks_no_io_density=3
plugins/plugin-mcp/__tests__/integration/mcp-server.test.ts,KEEP,0,,false,false,false,false,,spawns_processes
plugins/plugin-mcp/__tests__/mcp-router.test.ts,KEEP,4,,true,false,false,false,,runtime_imports
plugins/plugin-minecraft/__tests__/mc-action.test.ts,DELETE,11,,false,false,false,false,,mocks_no_io_density=11
plugins/plugin-music-library/src/plugin-compression.test.ts,CONVERT,0,,false,false,false,false,,pure_unit_no_signals
plugins/plugin-music-library/src/search-category.test.ts,KEEP,2,,true,false,false,false,,runtime_imports
plugins/plugin-music-player/src/plugin-compression.test.ts,CONVERT,0,,false,false,false,false,,pure_unit_no_signals
plugins/plugin-mysticism/__tests__/integration/service-edge-cases.test.ts,KEEP,0,,false,false,false,false,,in_test_directory
plugins/plugin-n8n-workflow/__tests__/e2e/lifecycle.test.ts,KEEP,0,,false,false,false,false,,in_test_directory
plugins/plugin-n8n-workflow/__tests__/e2e/routes-workflows.e2e.test.ts,KEEP,0,e2e,false,false,false,false,,infix:e2e
plugins/plugin-n8n-workflow/__tests__/integration/actions/createWorkflow.test.ts,KEEP,0,,false,false,false,false,,in_test_directory
plugins/plugin-n8n-workflow/__tests__/integration/actions/lifecycleActions.test.ts,KEEP,0,,false,false,false,false,,in_test_directory
plugins/plugin-n8n-workflow/__tests__/integration/actions/queryActions.test.ts,KEEP,0,,false,false,false,false,,in_test_directory
plugins/plugin-n8n-workflow/__tests__/integration/providers/providers.test.ts,KEEP,0,,false,false,false,false,,in_test_directory
plugins/plugin-n8n-workflow/__tests__/unit/api.test.ts,CONVERT,0,,false,false,false,false,,pure_unit_no_signals
plugins/plugin-n8n-workflow/__tests__/unit/catalog.test.ts,CONVERT,0,,false,false,false,false,,pure_unit_no_signals
plugins/plugin-n8n-workflow/__tests__/unit/clarification.test.ts,CONVERT,0,,false,false,false,false,,pure_unit_no_signals
plugins/plugin-n8n-workflow/__tests__/unit/context.test.ts,CONVERT,0,,false,false,false,false,,pure_unit_no_signals
plugins/plugin-n8n-workflow/__tests__/unit/credentialResolver.test.ts,CONVERT,0,,false,false,false,false,,pure_unit_no_signals
plugins/plugin-n8n-workflow/__tests__/unit/generation.test.ts,CONVERT,0,,false,false,false,false,,pure_unit_no_signals
plugins/plugin-n8n-workflow/__tests__/unit/outputSchema.test.ts,CONVERT,0,,false,false,false,false,,pure_unit_no_signals
plugins/plugin-n8n-workflow/__tests__/unit/routes/executions.test.ts,CONVERT,0,,false,false,false,false,,pure_unit_no_signals
plugins/plugin-n8n-workflow/__tests__/unit/routes/nodes.test.ts,CONVERT,0,,false,false,false,false,,pure_unit_no_signals
plugins/plugin-n8n-workflow/__tests__/unit/routes/validation.test.ts,CONVERT,0,,false,false,false,false,,pure_unit_no_signals
plugins/plugin-n8n-workflow/__tests__/unit/routes/workflows.test.ts,CONVERT,0,,false,false,false,false,,pure_unit_no_signals
plugins/plugin-n8n-workflow/__tests__/unit/validateAndRepair.test.ts,CONVERT,0,,false,false,false,false,,pure_unit_no_signals
plugins/plugin-n8n-workflow/__tests__/unit/workflow.test.ts,CONVERT,0,,false,false,false,false,,pure_unit_no_signals
plugins/plugin-n8n-workflow/__tests__/unit/workflowGenerationPrompt.test.ts,CONVERT,0,,false,false,false,false,,pure_unit_no_signals
plugins/plugin-nvidiacloud/__tests__/trajectory.test.ts,DELETE,9,,false,false,false,false,,mocks_no_io_density=9
plugins/plugin-ollama/__tests__/model-usage.test.ts,KEEP,16,,true,false,false,false,,runtime_imports
plugins/plugin-ollama/__tests__/native-plumbing.test.ts,KEEP,2,,true,false,false,false,,runtime_imports
plugins/plugin-ollama/__tests__/smoke.test.ts,DELETE,10,,false,false,false,false,,mocks_no_io_density=10
plugins/plugin-openai/__tests__/cerebras-config.test.ts,DELETE,1,,false,false,true,false,,mocks_no_io_density=1
plugins/plugin-openai/__tests__/native-plumbing.test.ts,KEEP,6,,true,false,false,false,,runtime_imports
plugins/plugin-openai/__tests__/openai.live.test.ts,KEEP,0,live,true,false,true,false,openai.e2e.test.ts,runtime_imports
plugins/plugin-openai/__tests__/trajectory.test.ts,DELETE,11,,false,false,false,false,,mocks_no_io_density=11
plugins/plugin-openrouter/__tests__/models.live.test.ts,KEEP,0,live,true,false,true,false,models.e2e.test.ts,runtime_imports
plugins/plugin-openrouter/__tests__/native-plumbing.test.ts,KEEP,4,,true,false,false,false,,runtime_imports
plugins/plugin-openrouter/__tests__/trajectory.test.ts,DELETE,9,,false,false,false,false,,mocks_no_io_density=9
plugins/plugin-rlm/__tests__/cost.test.ts,CONVERT,0,,false,false,false,false,,pure_unit_no_signals
plugins/plugin-rlm/__tests__/integration.test.ts,KEEP,10,,false,false,false,false,,spawns_processes
plugins/plugin-rlm/__tests__/plugin.test.ts,CONVERT,0,,false,false,false,false,,pure_unit_no_signals
plugins/plugin-rlm/__tests__/server.test.ts,CONVERT,0,,false,false,false,false,,pure_unit_no_signals
plugins/plugin-rlm/__tests__/trajectory-integration.test.ts,CONVERT,0,,false,false,false,false,,pure_unit_no_signals
plugins/plugin-roblox/__tests__/integration.test.ts,DELETE,16,,false,false,false,false,,mocks_no_io_density=16
plugins/plugin-shell/__tests__/shell.real.test.ts,KEEP,0,real,true,false,false,false,shell.real.e2e.test.ts,runtime_imports
plugins/plugin-shopify/src/search-category.test.ts,KEEP,2,,true,false,false,false,,runtime_imports
plugins/plugin-signal/src/connector.test.ts,DELETE,4,,false,false,false,false,,mocks_no_io_density=4
plugins/plugin-slack/src/messageConnector.test.ts,KEEP,19,,true,false,false,false,,runtime_imports
plugins/plugin-sql/typescript/__tests__/integration/advanced-memory-storage.real.test.ts,KEEP,0,real,true,false,false,false,advanced-memory-storage.real.e2e.test.ts,runtime_imports
plugins/plugin-sql/typescript/__tests__/integration/agent.real.test.ts,KEEP,0,real,false,false,false,false,agent.real.e2e.test.ts,infix:real
plugins/plugin-sql/typescript/__tests__/integration/base-adapter-methods.real.test.ts,KEEP,0,real,false,false,false,false,base-adapter-methods.real.e2e.test.ts,infix:real
plugins/plugin-sql/typescript/__tests__/integration/base-comprehensive.real.test.ts,KEEP,0,real,true,false,false,false,base-comprehensive.real.e2e.test.ts,runtime_imports
plugins/plugin-sql/typescript/__tests__/integration/cache.real.test.ts,KEEP,0,real,true,false,false,false,cache.real.e2e.test.ts,runtime_imports
plugins/plugin-sql/typescript/__tests__/integration/cascade-delete.real.test.ts,KEEP,0,real,false,false,false,false,cascade-delete.real.e2e.test.ts,infix:real
plugins/plugin-sql/typescript/__tests__/integration/component.real.test.ts,KEEP,0,real,true,false,false,false,component.real.e2e.test.ts,runtime_imports
plugins/plugin-sql/typescript/__tests__/integration/embedding.real.test.ts,KEEP,0,real,false,false,false,false,embedding.real.e2e.test.ts,infix:real
plugins/plugin-sql/typescript/__tests__/integration/entity-array-fix.real.test.ts,KEEP,0,real,false,false,false,false,entity-array-fix.real.e2e.test.ts,infix:real
plugins/plugin-sql/typescript/__tests__/integration/entity-crud.real.test.ts,KEEP,0,real,false,false,false,false,entity-crud.real.e2e.test.ts,infix:real
plugins/plugin-sql/typescript/__tests__/integration/entity-methods.real.test.ts,KEEP,0,real,false,false,false,false,entity-methods.real.e2e.test.ts,infix:real
plugins/plugin-sql/typescript/__tests__/integration/entity.real.test.ts,KEEP,0,real,true,false,false,false,entity.real.e2e.test.ts,runtime_imports
plugins/plugin-sql/typescript/__tests__/integration/log.real.test.ts,KEEP,0,real,true,false,false,false,log.real.e2e.test.ts,runtime_imports
plugins/plugin-sql/typescript/__tests__/integration/memory.real.test.ts,KEEP,0,real,false,false,false,false,memory.real.e2e.test.ts,infix:real
plugins/plugin-sql/typescript/__tests__/integration/messaging.real.test.ts,KEEP,0,real,false,false,false,false,messaging.real.e2e.test.ts,infix:real
plugins/plugin-sql/typescript/__tests__/integration/participant.real.test.ts,KEEP,0,real,true,false,false,false,participant.real.e2e.test.ts,runtime_imports
plugins/plugin-sql/typescript/__tests__/integration/pglite-e2e.real.e2e.test.ts,KEEP,0,real.e2e,false,false,false,false,,infix:real.e2e
plugins/plugin-sql/typescript/__tests__/integration/postgres/pg-adapter-integration.real.test.ts,KEEP,0,real,false,false,false,false,pg-adapter-integration.real.e2e.test.ts,infix:real
plugins/plugin-sql/typescript/__tests__/integration/postgres/pglite-adapter.real.test.ts,KEEP,0,real,false,false,false,false,pglite-adapter.real.e2e.test.ts,infix:real
plugins/plugin-sql/typescript/__tests__/integration/postgres/pglite-manager-lock.real.test.ts,KEEP,0,real,false,false,false,false,pglite-manager-lock.real.e2e.test.ts,infix:real
plugins/plugin-sql/typescript/__tests__/integration/postgres/rls-entity.real.test.ts,KEEP,0,real,false,false,false,false,rls-entity.real.e2e.test.ts,infix:real
plugins/plugin-sql/typescript/__tests__/integration/postgres/rls-logs.real.test.ts,KEEP,0,real,false,false,false,false,rls-logs.real.e2e.test.ts,infix:real
plugins/plugin-sql/typescript/__tests__/integration/postgres/rls-message-server-agents.real.test.ts,KEEP,0,real,false,false,false,false,rls-message-server-agents.real.e2e.test.ts,infix:real
plugins/plugin-sql/typescript/__tests__/integration/postgres/rls-server.real.test.ts,KEEP,0,real,false,false,false,false,rls-server.real.e2e.test.ts,infix:real
plugins/plugin-sql/typescript/__tests__/integration/relationship.real.test.ts,KEEP,0,real,true,false,false,false,relationship.real.e2e.test.ts,runtime_imports
plugins/plugin-sql/typescript/__tests__/integration/room.real.test.ts,KEEP,0,real,true,false,false,false,room.real.e2e.test.ts,runtime_imports
plugins/plugin-sql/typescript/__tests__/integration/task.real.test.ts,KEEP,0,real,false,false,false,false,task.real.e2e.test.ts,infix:real
plugins/plugin-sql/typescript/__tests__/integration/utils.real.test.ts,KEEP,0,real,false,false,false,false,utils.real.e2e.test.ts,infix:real
plugins/plugin-sql/typescript/__tests__/integration/world.real.test.ts,KEEP,0,real,false,false,false,false,world.real.e2e.test.ts,infix:real
plugins/plugin-sql/typescript/__tests__/migration/actual-runtime-scenario.real.test.ts,KEEP,0,real,false,false,false,false,actual-runtime-scenario.real.e2e.test.ts,infix:real
plugins/plugin-sql/typescript/__tests__/migration/comprehensive-migration.real.test.ts,KEEP,0,real,false,false,false,false,comprehensive-migration.real.e2e.test.ts,infix:real
plugins/plugin-sql/typescript/__tests__/migration/data-persistence.real.test.ts,KEEP,0,real,false,false,false,false,data-persistence.real.e2e.test.ts,infix:real
plugins/plugin-sql/typescript/__tests__/migration/database-detection.real.test.ts,KEEP,0,real,false,false,false,false,database-detection.real.e2e.test.ts,infix:real
plugins/plugin-sql/typescript/__tests__/migration/dynamic-migration.real.test.ts,KEEP,0,real,true,false,false,false,dynamic-migration.real.e2e.test.ts,runtime_imports
plugins/plugin-sql/typescript/__tests__/migration/initialization-with-plugin.real.test.ts,KEEP,0,real,false,false,false,false,initialization-with-plugin.real.e2e.test.ts,infix:real
plugins/plugin-sql/typescript/__tests__/migration/initialization.real.test.ts,KEEP,0,real,false,false,false,false,initialization.real.e2e.test.ts,infix:real
plugins/plugin-sql/typescript/__tests__/migration/introspection.real.test.ts,KEEP,0,real,false,false,false,false,introspection.real.e2e.test.ts,infix:real
plugins/plugin-sql/typescript/__tests__/migration/migration-before-1.6.5.real.test.ts,KEEP,0,real,false,false,false,false,migration-before-1.6.5.real.e2e.test.ts,infix:real
plugins/plugin-sql/typescript/__tests__/migration/production-scenario.real.test.ts,KEEP,0,real,false,false,false,false,production-scenario.real.e2e.test.ts,infix:real
plugins/plugin-sql/typescript/__tests__/migration/runtime-migrator.real.test.ts,KEEP,0,real,false,false,false,false,runtime-migrator.real.e2e.test.ts,infix:real
plugins/plugin-sql/typescript/__tests__/migration/runtime-simulation.real.test.ts,KEEP,0,real,false,false,false,false,runtime-simulation.real.e2e.test.ts,infix:real
plugins/plugin-sql/typescript/__tests__/migration/schema-evolution-tests/01-drop-column-with-data.real.test.ts,KEEP,0,real,false,false,false,false,01-drop-column-with-data.real.e2e.test.ts,infix:real
plugins/plugin-sql/typescript/__tests__/migration/schema-evolution-tests/02-drop-table-with-relationships.real.test.ts,KEEP,0,real,false,false,false,false,02-drop-table-with-relationships.real.e2e.test.ts,infix:real
plugins/plugin-sql/typescript/__tests__/migration/schema-evolution-tests/03-type-changes-with-data.real.test.ts,KEEP,0,real,false,false,false,false,03-type-changes-with-data.real.e2e.test.ts,infix:real
plugins/plugin-sql/typescript/__tests__/migration/schema-evolution-tests/04-safe-column-additions.real.test.ts,KEEP,0,real,false,false,false,false,04-safe-column-additions.real.e2e.test.ts,infix:real
plugins/plugin-sql/typescript/__tests__/migration/schema-evolution-tests/05-constraint-modifications.real.test.ts,KEEP,0,real,false,false,false,false,05-constraint-modifications.real.e2e.test.ts,infix:real
plugins/plugin-sql/typescript/__tests__/migration/schema-evolution-tests/06-index-evolution.real.test.ts,KEEP,0,real,false,false,false,false,06-index-evolution.real.e2e.test.ts,infix:real
plugins/plugin-sql/typescript/__tests__/migration/schema-evolution-tests/07-foreign-key-evolution.real.test.ts,KEEP,0,real,false,false,false,false,07-foreign-key-evolution.real.e2e.test.ts,infix:real
plugins/plugin-sql/typescript/__tests__/migration/schema-evolution-tests/08-agent-name-constraint-removal.real.test.ts,KEEP,0,real,false,false,false,false,08-agent-name-constraint-removal.real.e2e.test.ts,infix:real
plugins/plugin-sql/typescript/__tests__/migration/transaction-and-concurrency.real.test.ts,KEEP,0,real,false,false,false,false,transaction-and-concurrency.real.e2e.test.ts,infix:real
plugins/plugin-sql/typescript/__tests__/migration/type-normalization.real.test.ts,KEEP,0,real,false,false,false,false,type-normalization.real.e2e.test.ts,infix:real
plugins/plugin-suno/src/actions/musicGeneration.test.ts,DELETE,5,,false,false,false,false,,mocks_no_io_density=5
plugins/plugin-telegram/src/messageConnector.test.ts,KEEP,16,,true,false,false,false,,runtime_imports
plugins/plugin-twitch/__tests__/integration.test.ts,CONVERT,0,,false,false,false,false,,pure_unit_no_signals
plugins/plugin-video/src/services/binaries.integration.test.ts,KEEP,0,integration,false,false,false,false,,infix:integration
plugins/plugin-vision/src/trajectory.test.ts,KEEP,9,,true,false,false,false,,runtime_imports
plugins/plugin-wallet/src/analytics/birdeye/providers/portfolio-factory.test.ts,KEEP,9,,true,false,false,false,,runtime_imports
plugins/plugin-wallet/src/analytics/birdeye/search-category.test.ts,KEEP,8,,true,false,false,false,,runtime_imports
plugins/plugin-wallet/src/analytics/dexscreener/__tests__/actions.test.ts,CONVERT,0,,false,false,false,false,,pure_unit_no_signals
plugins/plugin-wallet/src/analytics/dexscreener/__tests__/coverage.test.ts,CONVERT,0,,false,false,false,false,,pure_unit_no_signals
plugins/plugin-wallet/src/analytics/dexscreener/__tests__/edge-cases.test.ts,CONVERT,0,,false,false,false,false,,pure_unit_no_signals
plugins/plugin-wallet/src/analytics/dexscreener/__tests__/full-coverage.test.ts,CONVERT,0,,false,false,false,false,,pure_unit_no_signals
plugins/plugin-wallet/src/analytics/dexscreener/search-category.test.ts,KEEP,2,,true,false,false,false,,runtime_imports
plugins/plugin-wallet/src/chains/evm/__tests__/integration/rpc-providers.live.test.ts,KEEP,0,live,false,false,false,false,rpc-providers.real.e2e.test.ts,infix:live
plugins/plugin-wallet/src/chains/evm/__tests__/integration/transfer.live.test.ts,KEEP,0,live,false,false,false,false,transfer.real.e2e.test.ts,infix:live
plugins/plugin-wallet/src/chains/evm/__tests__/unit/chain-handler.test.ts,DELETE,3,,false,false,false,false,,mocks_no_io_density=3
plugins/plugin-wallet/src/chains/evm/tests/toon-integration.test.ts,KEEP,0,,false,false,true,false,,in_test_directory
plugins/plugin-wallet/src/chains/solana/__tests__/integration/birdeye-direct.live.test.ts,KEEP,0,live,false,false,true,false,birdeye-direct.real.e2e.test.ts,infix:live
plugins/plugin-wallet/src/chains/solana/actions/chain-handlers.test.ts,DELETE,16,,false,false,false,false,,mocks_no_io_density=16
plugins/plugin-wallet/src/chains/wallet-router.test.ts,KEEP,9,,true,false,false,false,,runtime_imports
plugins/plugin-wallet/src/lp/services/LpManagementService.test.ts,DELETE,4,,false,false,false,false,,mocks_no_io_density=4
plugins/plugin-wallet/src/lp/tasks/__tests__/LpAutoRebalanceTask.test.ts,DELETE,31,,false,false,false,false,,mocks_no_io_density=31
plugins/plugin-wechat/src/index.test.ts,DELETE,2,,false,false,false,false,,mocks_no_io_density=2
plugins/plugin-whatsapp/__tests__/message-connector.test.ts,DELETE,8,,false,false,false,false,,mocks_no_io_density=8
plugins/plugin-x/src/__tests__/e2e/twitter-integration.test.ts,KEEP,8,,false,false,true,false,,in_test_directory
plugins/plugin-x/src/search-category.test.ts,KEEP,2,,true,false,false,false,,runtime_imports
plugins/plugin-xai/__tests__/plugin.test.ts,KEEP,3,,true,false,false,false,,runtime_imports
scripts/launch-qa/run.test.ts,CONVERT,0,,false,false,false,false,,pure_unit_no_signals
